name,path,base_id,is_rotation
0_1,mosaics_from_matrices\0_1.png,0_1,0
0_1_rot180,mosaics_from_matrices\0_1_rot180.png,0_1,1
0_1_rot270,mosaics_from_matrices\0_1_rot270.png,0_1,1
0_1_rot90,mosaics_from_matrices\0_1_rot90.png,0_1,1
10_001,mosaics_from_matrices\10_001.png,10_001,0
10_001_rot180,mosaics_from_matrices\10_001_rot180.png,10_001,1
10_001_rot270,mosaics_from_matrices\10_001_rot270.png,10_001,1
10_001_rot90,mosaics_from_matrices\10_001_rot90.png,10_001,1
10_002,mosaics_from_matrices\10_002.png,10_002,0
10_002_rot180,mosaics_from_matrices\10_002_rot180.png,10_002,1
10_002_rot270,mosaics_from_matrices\10_002_rot270.png,10_002,1
10_002_rot90,mosaics_from_matrices\10_002_rot90.png,10_002,1
10_003,mosaics_from_matrices\10_003.png,10_003,0
10_003_rot180,mosaics_from_matrices\10_003_rot180.png,10_003,1
10_003_rot270,mosaics_from_matrices\10_003_rot270.png,10_003,1
10_003_rot90,mosaics_from_matrices\10_003_rot90.png,10_003,1
10_004,mosaics_from_matrices\10_004.png,10_004,0
10_004_rot180,mosaics_from_matrices\10_004_rot180.png,10_004,1
10_004_rot270,mosaics_from_matrices\10_004_rot270.png,10_004,1
10_004_rot90,mosaics_from_matrices\10_004_rot90.png,10_004,1
10_005,mosaics_from_matrices\10_005.png,10_005,0
10_005_rot180,mosaics_from_matrices\10_005_rot180.png,10_005,1
10_005_rot270,mosaics_from_matrices\10_005_rot270.png,10_005,1
10_005_rot90,mosaics_from_matrices\10_005_rot90.png,10_005,1
10_006,mosaics_from_matrices\10_006.png,10_006,0
10_006_rot180,mosaics_from_matrices\10_006_rot180.png,10_006,1
10_006_rot270,mosaics_from_matrices\10_006_rot270.png,10_006,1
10_006_rot90,mosaics_from_matrices\10_006_rot90.png,10_006,1
10_007,mosaics_from_matrices\10_007.png,10_007,0
10_007_rot180,mosaics_from_matrices\10_007_rot180.png,10_007,1
10_007_rot270,mosaics_from_matrices\10_007_rot270.png,10_007,1
10_007_rot90,mosaics_from_matrices\10_007_rot90.png,10_007,1
10_008,mosaics_from_matrices\10_008.png,10_008,0
10_008_rot180,mosaics_from_matrices\10_008_rot180.png,10_008,1
10_008_rot270,mosaics_from_matrices\10_008_rot270.png,10_008,1
10_008_rot90,mosaics_from_matrices\10_008_rot90.png,10_008,1
10_009,mosaics_from_matrices\10_009.png,10_009,0
10_009_rot180,mosaics_from_matrices\10_009_rot180.png,10_009,1
10_009_rot270,mosaics_from_matrices\10_009_rot270.png,10_009,1
10_009_rot90,mosaics_from_matrices\10_009_rot90.png,10_009,1
10_010,mosaics_from_matrices\10_010.png,10_010,0
10_010_rot180,mosaics_from_matrices\10_010_rot180.png,10_010,1
10_010_rot270,mosaics_from_matrices\10_010_rot270.png,10_010,1
10_010_rot90,mosaics_from_matrices\10_010_rot90.png,10_010,1
10_011,mosaics_from_matrices\10_011.png,10_011,0
10_011_rot180,mosaics_from_matrices\10_011_rot180.png,10_011,1
10_011_rot270,mosaics_from_matrices\10_011_rot270.png,10_011,1
10_011_rot90,mosaics_from_matrices\10_011_rot90.png,10_011,1
10_012,mosaics_from_matrices\10_012.png,10_012,0
10_012_rot180,mosaics_from_matrices\10_012_rot180.png,10_012,1
10_012_rot270,mosaics_from_matrices\10_012_rot270.png,10_012,1
10_012_rot90,mosaics_from_matrices\10_012_rot90.png,10_012,1
10_013,mosaics_from_matrices\10_013.png,10_013,0
10_013_rot180,mosaics_from_matrices\10_013_rot180.png,10_013,1
10_013_rot270,mosaics_from_matrices\10_013_rot270.png,10_013,1
10_013_rot90,mosaics_from_matrices\10_013_rot90.png,10_013,1
10_014,mosaics_from_matrices\10_014.png,10_014,0
10_014_rot180,mosaics_from_matrices\10_014_rot180.png,10_014,1
10_014_rot270,mosaics_from_matrices\10_014_rot270.png,10_014,1
10_014_rot90,mosaics_from_matrices\10_014_rot90.png,10_014,1
10_015,mosaics_from_matrices\10_015.png,10_015,0
10_015_rot180,mosaics_from_matrices\10_015_rot180.png,10_015,1
10_015_rot270,mosaics_from_matrices\10_015_rot270.png,10_015,1
10_015_rot90,mosaics_from_matrices\10_015_rot90.png,10_015,1
10_016,mosaics_from_matrices\10_016.png,10_016,0
10_016_rot180,mosaics_from_matrices\10_016_rot180.png,10_016,1
10_016_rot270,mosaics_from_matrices\10_016_rot270.png,10_016,1
10_016_rot90,mosaics_from_matrices\10_016_rot90.png,10_016,1
10_017,mosaics_from_matrices\10_017.png,10_017,0
10_017_rot180,mosaics_from_matrices\10_017_rot180.png,10_017,1
10_017_rot270,mosaics_from_matrices\10_017_rot270.png,10_017,1
10_017_rot90,mosaics_from_matrices\10_017_rot90.png,10_017,1
10_018,mosaics_from_matrices\10_018.png,10_018,0
10_018_rot180,mosaics_from_matrices\10_018_rot180.png,10_018,1
10_018_rot270,mosaics_from_matrices\10_018_rot270.png,10_018,1
10_018_rot90,mosaics_from_matrices\10_018_rot90.png,10_018,1
10_019,mosaics_from_matrices\10_019.png,10_019,0
10_019_rot180,mosaics_from_matrices\10_019_rot180.png,10_019,1
10_019_rot270,mosaics_from_matrices\10_019_rot270.png,10_019,1
10_019_rot90,mosaics_from_matrices\10_019_rot90.png,10_019,1
10_020,mosaics_from_matrices\10_020.png,10_020,0
10_020_rot180,mosaics_from_matrices\10_020_rot180.png,10_020,1
10_020_rot270,mosaics_from_matrices\10_020_rot270.png,10_020,1
10_020_rot90,mosaics_from_matrices\10_020_rot90.png,10_020,1
10_021,mosaics_from_matrices\10_021.png,10_021,0
10_021_rot180,mosaics_from_matrices\10_021_rot180.png,10_021,1
10_021_rot270,mosaics_from_matrices\10_021_rot270.png,10_021,1
10_021_rot90,mosaics_from_matrices\10_021_rot90.png,10_021,1
10_022,mosaics_from_matrices\10_022.png,10_022,0
10_022_rot180,mosaics_from_matrices\10_022_rot180.png,10_022,1
10_022_rot270,mosaics_from_matrices\10_022_rot270.png,10_022,1
10_022_rot90,mosaics_from_matrices\10_022_rot90.png,10_022,1
10_023,mosaics_from_matrices\10_023.png,10_023,0
10_023_rot180,mosaics_from_matrices\10_023_rot180.png,10_023,1
10_023_rot270,mosaics_from_matrices\10_023_rot270.png,10_023,1
10_023_rot90,mosaics_from_matrices\10_023_rot90.png,10_023,1
10_024,mosaics_from_matrices\10_024.png,10_024,0
10_024_rot180,mosaics_from_matrices\10_024_rot180.png,10_024,1
10_024_rot270,mosaics_from_matrices\10_024_rot270.png,10_024,1
10_024_rot90,mosaics_from_matrices\10_024_rot90.png,10_024,1
10_025,mosaics_from_matrices\10_025.png,10_025,0
10_025_rot180,mosaics_from_matrices\10_025_rot180.png,10_025,1
10_025_rot270,mosaics_from_matrices\10_025_rot270.png,10_025,1
10_025_rot90,mosaics_from_matrices\10_025_rot90.png,10_025,1
10_026,mosaics_from_matrices\10_026.png,10_026,0
10_026_rot180,mosaics_from_matrices\10_026_rot180.png,10_026,1
10_026_rot270,mosaics_from_matrices\10_026_rot270.png,10_026,1
10_026_rot90,mosaics_from_matrices\10_026_rot90.png,10_026,1
10_027,mosaics_from_matrices\10_027.png,10_027,0
10_027_rot180,mosaics_from_matrices\10_027_rot180.png,10_027,1
10_027_rot270,mosaics_from_matrices\10_027_rot270.png,10_027,1
10_027_rot90,mosaics_from_matrices\10_027_rot90.png,10_027,1
10_028,mosaics_from_matrices\10_028.png,10_028,0
10_028_rot180,mosaics_from_matrices\10_028_rot180.png,10_028,1
10_028_rot270,mosaics_from_matrices\10_028_rot270.png,10_028,1
10_028_rot90,mosaics_from_matrices\10_028_rot90.png,10_028,1
10_029,mosaics_from_matrices\10_029.png,10_029,0
10_029_rot180,mosaics_from_matrices\10_029_rot180.png,10_029,1
10_029_rot270,mosaics_from_matrices\10_029_rot270.png,10_029,1
10_029_rot90,mosaics_from_matrices\10_029_rot90.png,10_029,1
10_030,mosaics_from_matrices\10_030.png,10_030,0
10_030_rot180,mosaics_from_matrices\10_030_rot180.png,10_030,1
10_030_rot270,mosaics_from_matrices\10_030_rot270.png,10_030,1
10_030_rot90,mosaics_from_matrices\10_030_rot90.png,10_030,1
10_031,mosaics_from_matrices\10_031.png,10_031,0
10_031_rot180,mosaics_from_matrices\10_031_rot180.png,10_031,1
10_031_rot270,mosaics_from_matrices\10_031_rot270.png,10_031,1
10_031_rot90,mosaics_from_matrices\10_031_rot90.png,10_031,1
10_032,mosaics_from_matrices\10_032.png,10_032,0
10_032_rot180,mosaics_from_matrices\10_032_rot180.png,10_032,1
10_032_rot270,mosaics_from_matrices\10_032_rot270.png,10_032,1
10_032_rot90,mosaics_from_matrices\10_032_rot90.png,10_032,1
10_033,mosaics_from_matrices\10_033.png,10_033,0
10_033_rot180,mosaics_from_matrices\10_033_rot180.png,10_033,1
10_033_rot270,mosaics_from_matrices\10_033_rot270.png,10_033,1
10_033_rot90,mosaics_from_matrices\10_033_rot90.png,10_033,1
10_034,mosaics_from_matrices\10_034.png,10_034,0
10_034_rot180,mosaics_from_matrices\10_034_rot180.png,10_034,1
10_034_rot270,mosaics_from_matrices\10_034_rot270.png,10_034,1
10_034_rot90,mosaics_from_matrices\10_034_rot90.png,10_034,1
10_035,mosaics_from_matrices\10_035.png,10_035,0
10_035_rot180,mosaics_from_matrices\10_035_rot180.png,10_035,1
10_035_rot270,mosaics_from_matrices\10_035_rot270.png,10_035,1
10_035_rot90,mosaics_from_matrices\10_035_rot90.png,10_035,1
10_036,mosaics_from_matrices\10_036.png,10_036,0
10_036_rot180,mosaics_from_matrices\10_036_rot180.png,10_036,1
10_036_rot270,mosaics_from_matrices\10_036_rot270.png,10_036,1
10_036_rot90,mosaics_from_matrices\10_036_rot90.png,10_036,1
10_037,mosaics_from_matrices\10_037.png,10_037,0
10_037_rot180,mosaics_from_matrices\10_037_rot180.png,10_037,1
10_037_rot270,mosaics_from_matrices\10_037_rot270.png,10_037,1
10_037_rot90,mosaics_from_matrices\10_037_rot90.png,10_037,1
10_038,mosaics_from_matrices\10_038.png,10_038,0
10_038_rot180,mosaics_from_matrices\10_038_rot180.png,10_038,1
10_038_rot270,mosaics_from_matrices\10_038_rot270.png,10_038,1
10_038_rot90,mosaics_from_matrices\10_038_rot90.png,10_038,1
10_039,mosaics_from_matrices\10_039.png,10_039,0
10_039_rot180,mosaics_from_matrices\10_039_rot180.png,10_039,1
10_039_rot270,mosaics_from_matrices\10_039_rot270.png,10_039,1
10_039_rot90,mosaics_from_matrices\10_039_rot90.png,10_039,1
10_040,mosaics_from_matrices\10_040.png,10_040,0
10_040_rot180,mosaics_from_matrices\10_040_rot180.png,10_040,1
10_040_rot270,mosaics_from_matrices\10_040_rot270.png,10_040,1
10_040_rot90,mosaics_from_matrices\10_040_rot90.png,10_040,1
10_041,mosaics_from_matrices\10_041.png,10_041,0
10_041_rot180,mosaics_from_matrices\10_041_rot180.png,10_041,1
10_041_rot270,mosaics_from_matrices\10_041_rot270.png,10_041,1
10_041_rot90,mosaics_from_matrices\10_041_rot90.png,10_041,1
10_042,mosaics_from_matrices\10_042.png,10_042,0
10_042_rot180,mosaics_from_matrices\10_042_rot180.png,10_042,1
10_042_rot270,mosaics_from_matrices\10_042_rot270.png,10_042,1
10_042_rot90,mosaics_from_matrices\10_042_rot90.png,10_042,1
10_043,mosaics_from_matrices\10_043.png,10_043,0
10_043_rot180,mosaics_from_matrices\10_043_rot180.png,10_043,1
10_043_rot270,mosaics_from_matrices\10_043_rot270.png,10_043,1
10_043_rot90,mosaics_from_matrices\10_043_rot90.png,10_043,1
10_044,mosaics_from_matrices\10_044.png,10_044,0
10_044_rot180,mosaics_from_matrices\10_044_rot180.png,10_044,1
10_044_rot270,mosaics_from_matrices\10_044_rot270.png,10_044,1
10_044_rot90,mosaics_from_matrices\10_044_rot90.png,10_044,1
10_045,mosaics_from_matrices\10_045.png,10_045,0
10_045_rot180,mosaics_from_matrices\10_045_rot180.png,10_045,1
10_045_rot270,mosaics_from_matrices\10_045_rot270.png,10_045,1
10_045_rot90,mosaics_from_matrices\10_045_rot90.png,10_045,1
10_046,mosaics_from_matrices\10_046.png,10_046,0
10_046_rot180,mosaics_from_matrices\10_046_rot180.png,10_046,1
10_046_rot270,mosaics_from_matrices\10_046_rot270.png,10_046,1
10_046_rot90,mosaics_from_matrices\10_046_rot90.png,10_046,1
10_047,mosaics_from_matrices\10_047.png,10_047,0
10_047_rot180,mosaics_from_matrices\10_047_rot180.png,10_047,1
10_047_rot270,mosaics_from_matrices\10_047_rot270.png,10_047,1
10_047_rot90,mosaics_from_matrices\10_047_rot90.png,10_047,1
10_048,mosaics_from_matrices\10_048.png,10_048,0
10_048_rot180,mosaics_from_matrices\10_048_rot180.png,10_048,1
10_048_rot270,mosaics_from_matrices\10_048_rot270.png,10_048,1
10_048_rot90,mosaics_from_matrices\10_048_rot90.png,10_048,1
10_049,mosaics_from_matrices\10_049.png,10_049,0
10_049_rot180,mosaics_from_matrices\10_049_rot180.png,10_049,1
10_049_rot270,mosaics_from_matrices\10_049_rot270.png,10_049,1
10_049_rot90,mosaics_from_matrices\10_049_rot90.png,10_049,1
10_050,mosaics_from_matrices\10_050.png,10_050,0
10_050_rot180,mosaics_from_matrices\10_050_rot180.png,10_050,1
10_050_rot270,mosaics_from_matrices\10_050_rot270.png,10_050,1
10_050_rot90,mosaics_from_matrices\10_050_rot90.png,10_050,1
10_051,mosaics_from_matrices\10_051.png,10_051,0
10_051_rot180,mosaics_from_matrices\10_051_rot180.png,10_051,1
10_051_rot270,mosaics_from_matrices\10_051_rot270.png,10_051,1
10_051_rot90,mosaics_from_matrices\10_051_rot90.png,10_051,1
10_052,mosaics_from_matrices\10_052.png,10_052,0
10_052_rot180,mosaics_from_matrices\10_052_rot180.png,10_052,1
10_052_rot270,mosaics_from_matrices\10_052_rot270.png,10_052,1
10_052_rot90,mosaics_from_matrices\10_052_rot90.png,10_052,1
10_053,mosaics_from_matrices\10_053.png,10_053,0
10_053_rot180,mosaics_from_matrices\10_053_rot180.png,10_053,1
10_053_rot270,mosaics_from_matrices\10_053_rot270.png,10_053,1
10_053_rot90,mosaics_from_matrices\10_053_rot90.png,10_053,1
10_054,mosaics_from_matrices\10_054.png,10_054,0
10_054_rot180,mosaics_from_matrices\10_054_rot180.png,10_054,1
10_054_rot270,mosaics_from_matrices\10_054_rot270.png,10_054,1
10_054_rot90,mosaics_from_matrices\10_054_rot90.png,10_054,1
10_055,mosaics_from_matrices\10_055.png,10_055,0
10_055_rot180,mosaics_from_matrices\10_055_rot180.png,10_055,1
10_055_rot270,mosaics_from_matrices\10_055_rot270.png,10_055,1
10_055_rot90,mosaics_from_matrices\10_055_rot90.png,10_055,1
10_056,mosaics_from_matrices\10_056.png,10_056,0
10_056_rot180,mosaics_from_matrices\10_056_rot180.png,10_056,1
10_056_rot270,mosaics_from_matrices\10_056_rot270.png,10_056,1
10_056_rot90,mosaics_from_matrices\10_056_rot90.png,10_056,1
10_057,mosaics_from_matrices\10_057.png,10_057,0
10_057_rot180,mosaics_from_matrices\10_057_rot180.png,10_057,1
10_057_rot270,mosaics_from_matrices\10_057_rot270.png,10_057,1
10_057_rot90,mosaics_from_matrices\10_057_rot90.png,10_057,1
10_058,mosaics_from_matrices\10_058.png,10_058,0
10_058_rot180,mosaics_from_matrices\10_058_rot180.png,10_058,1
10_058_rot270,mosaics_from_matrices\10_058_rot270.png,10_058,1
10_058_rot90,mosaics_from_matrices\10_058_rot90.png,10_058,1
10_059,mosaics_from_matrices\10_059.png,10_059,0
10_059_rot180,mosaics_from_matrices\10_059_rot180.png,10_059,1
10_059_rot270,mosaics_from_matrices\10_059_rot270.png,10_059,1
10_059_rot90,mosaics_from_matrices\10_059_rot90.png,10_059,1
10_060,mosaics_from_matrices\10_060.png,10_060,0
10_060_rot180,mosaics_from_matrices\10_060_rot180.png,10_060,1
10_060_rot270,mosaics_from_matrices\10_060_rot270.png,10_060,1
10_060_rot90,mosaics_from_matrices\10_060_rot90.png,10_060,1
10_061,mosaics_from_matrices\10_061.png,10_061,0
10_061_rot180,mosaics_from_matrices\10_061_rot180.png,10_061,1
10_061_rot270,mosaics_from_matrices\10_061_rot270.png,10_061,1
10_061_rot90,mosaics_from_matrices\10_061_rot90.png,10_061,1
10_062,mosaics_from_matrices\10_062.png,10_062,0
10_062_rot180,mosaics_from_matrices\10_062_rot180.png,10_062,1
10_062_rot270,mosaics_from_matrices\10_062_rot270.png,10_062,1
10_062_rot90,mosaics_from_matrices\10_062_rot90.png,10_062,1
10_063,mosaics_from_matrices\10_063.png,10_063,0
10_063_rot180,mosaics_from_matrices\10_063_rot180.png,10_063,1
10_063_rot270,mosaics_from_matrices\10_063_rot270.png,10_063,1
10_063_rot90,mosaics_from_matrices\10_063_rot90.png,10_063,1
10_064,mosaics_from_matrices\10_064.png,10_064,0
10_064_rot180,mosaics_from_matrices\10_064_rot180.png,10_064,1
10_064_rot270,mosaics_from_matrices\10_064_rot270.png,10_064,1
10_064_rot90,mosaics_from_matrices\10_064_rot90.png,10_064,1
10_065,mosaics_from_matrices\10_065.png,10_065,0
10_065_rot180,mosaics_from_matrices\10_065_rot180.png,10_065,1
10_065_rot270,mosaics_from_matrices\10_065_rot270.png,10_065,1
10_065_rot90,mosaics_from_matrices\10_065_rot90.png,10_065,1
10_066,mosaics_from_matrices\10_066.png,10_066,0
10_066_rot180,mosaics_from_matrices\10_066_rot180.png,10_066,1
10_066_rot270,mosaics_from_matrices\10_066_rot270.png,10_066,1
10_066_rot90,mosaics_from_matrices\10_066_rot90.png,10_066,1
10_067,mosaics_from_matrices\10_067.png,10_067,0
10_067_rot180,mosaics_from_matrices\10_067_rot180.png,10_067,1
10_067_rot270,mosaics_from_matrices\10_067_rot270.png,10_067,1
10_067_rot90,mosaics_from_matrices\10_067_rot90.png,10_067,1
10_068,mosaics_from_matrices\10_068.png,10_068,0
10_068_rot180,mosaics_from_matrices\10_068_rot180.png,10_068,1
10_068_rot270,mosaics_from_matrices\10_068_rot270.png,10_068,1
10_068_rot90,mosaics_from_matrices\10_068_rot90.png,10_068,1
10_069,mosaics_from_matrices\10_069.png,10_069,0
10_069_rot180,mosaics_from_matrices\10_069_rot180.png,10_069,1
10_069_rot270,mosaics_from_matrices\10_069_rot270.png,10_069,1
10_069_rot90,mosaics_from_matrices\10_069_rot90.png,10_069,1
10_070,mosaics_from_matrices\10_070.png,10_070,0
10_070_rot180,mosaics_from_matrices\10_070_rot180.png,10_070,1
10_070_rot270,mosaics_from_matrices\10_070_rot270.png,10_070,1
10_070_rot90,mosaics_from_matrices\10_070_rot90.png,10_070,1
10_071,mosaics_from_matrices\10_071.png,10_071,0
10_071_rot180,mosaics_from_matrices\10_071_rot180.png,10_071,1
10_071_rot270,mosaics_from_matrices\10_071_rot270.png,10_071,1
10_071_rot90,mosaics_from_matrices\10_071_rot90.png,10_071,1
10_072,mosaics_from_matrices\10_072.png,10_072,0
10_072_rot180,mosaics_from_matrices\10_072_rot180.png,10_072,1
10_072_rot270,mosaics_from_matrices\10_072_rot270.png,10_072,1
10_072_rot90,mosaics_from_matrices\10_072_rot90.png,10_072,1
10_073,mosaics_from_matrices\10_073.png,10_073,0
10_073_rot180,mosaics_from_matrices\10_073_rot180.png,10_073,1
10_073_rot270,mosaics_from_matrices\10_073_rot270.png,10_073,1
10_073_rot90,mosaics_from_matrices\10_073_rot90.png,10_073,1
10_074,mosaics_from_matrices\10_074.png,10_074,0
10_074_rot180,mosaics_from_matrices\10_074_rot180.png,10_074,1
10_074_rot270,mosaics_from_matrices\10_074_rot270.png,10_074,1
10_074_rot90,mosaics_from_matrices\10_074_rot90.png,10_074,1
10_075,mosaics_from_matrices\10_075.png,10_075,0
10_075_rot180,mosaics_from_matrices\10_075_rot180.png,10_075,1
10_075_rot270,mosaics_from_matrices\10_075_rot270.png,10_075,1
10_075_rot90,mosaics_from_matrices\10_075_rot90.png,10_075,1
10_076,mosaics_from_matrices\10_076.png,10_076,0
10_076_rot180,mosaics_from_matrices\10_076_rot180.png,10_076,1
10_076_rot270,mosaics_from_matrices\10_076_rot270.png,10_076,1
10_076_rot90,mosaics_from_matrices\10_076_rot90.png,10_076,1
10_077,mosaics_from_matrices\10_077.png,10_077,0
10_077_rot180,mosaics_from_matrices\10_077_rot180.png,10_077,1
10_077_rot270,mosaics_from_matrices\10_077_rot270.png,10_077,1
10_077_rot90,mosaics_from_matrices\10_077_rot90.png,10_077,1
10_078,mosaics_from_matrices\10_078.png,10_078,0
10_078_rot180,mosaics_from_matrices\10_078_rot180.png,10_078,1
10_078_rot270,mosaics_from_matrices\10_078_rot270.png,10_078,1
10_078_rot90,mosaics_from_matrices\10_078_rot90.png,10_078,1
10_079,mosaics_from_matrices\10_079.png,10_079,0
10_079_rot180,mosaics_from_matrices\10_079_rot180.png,10_079,1
10_079_rot270,mosaics_from_matrices\10_079_rot270.png,10_079,1
10_079_rot90,mosaics_from_matrices\10_079_rot90.png,10_079,1
10_080,mosaics_from_matrices\10_080.png,10_080,0
10_080_rot180,mosaics_from_matrices\10_080_rot180.png,10_080,1
10_080_rot270,mosaics_from_matrices\10_080_rot270.png,10_080,1
10_080_rot90,mosaics_from_matrices\10_080_rot90.png,10_080,1
10_081,mosaics_from_matrices\10_081.png,10_081,0
10_081_rot180,mosaics_from_matrices\10_081_rot180.png,10_081,1
10_081_rot270,mosaics_from_matrices\10_081_rot270.png,10_081,1
10_081_rot90,mosaics_from_matrices\10_081_rot90.png,10_081,1
10_082,mosaics_from_matrices\10_082.png,10_082,0
10_082_rot180,mosaics_from_matrices\10_082_rot180.png,10_082,1
10_082_rot270,mosaics_from_matrices\10_082_rot270.png,10_082,1
10_082_rot90,mosaics_from_matrices\10_082_rot90.png,10_082,1
10_083,mosaics_from_matrices\10_083.png,10_083,0
10_083_rot180,mosaics_from_matrices\10_083_rot180.png,10_083,1
10_083_rot270,mosaics_from_matrices\10_083_rot270.png,10_083,1
10_083_rot90,mosaics_from_matrices\10_083_rot90.png,10_083,1
10_084,mosaics_from_matrices\10_084.png,10_084,0
10_084_rot180,mosaics_from_matrices\10_084_rot180.png,10_084,1
10_084_rot270,mosaics_from_matrices\10_084_rot270.png,10_084,1
10_084_rot90,mosaics_from_matrices\10_084_rot90.png,10_084,1
10_085,mosaics_from_matrices\10_085.png,10_085,0
10_085_rot180,mosaics_from_matrices\10_085_rot180.png,10_085,1
10_085_rot270,mosaics_from_matrices\10_085_rot270.png,10_085,1
10_085_rot90,mosaics_from_matrices\10_085_rot90.png,10_085,1
10_086,mosaics_from_matrices\10_086.png,10_086,0
10_086_rot180,mosaics_from_matrices\10_086_rot180.png,10_086,1
10_086_rot270,mosaics_from_matrices\10_086_rot270.png,10_086,1
10_086_rot90,mosaics_from_matrices\10_086_rot90.png,10_086,1
10_087,mosaics_from_matrices\10_087.png,10_087,0
10_087_rot180,mosaics_from_matrices\10_087_rot180.png,10_087,1
10_087_rot270,mosaics_from_matrices\10_087_rot270.png,10_087,1
10_087_rot90,mosaics_from_matrices\10_087_rot90.png,10_087,1
10_088,mosaics_from_matrices\10_088.png,10_088,0
10_088_rot180,mosaics_from_matrices\10_088_rot180.png,10_088,1
10_088_rot270,mosaics_from_matrices\10_088_rot270.png,10_088,1
10_088_rot90,mosaics_from_matrices\10_088_rot90.png,10_088,1
10_089,mosaics_from_matrices\10_089.png,10_089,0
10_089_rot180,mosaics_from_matrices\10_089_rot180.png,10_089,1
10_089_rot270,mosaics_from_matrices\10_089_rot270.png,10_089,1
10_089_rot90,mosaics_from_matrices\10_089_rot90.png,10_089,1
10_090,mosaics_from_matrices\10_090.png,10_090,0
10_090_rot180,mosaics_from_matrices\10_090_rot180.png,10_090,1
10_090_rot270,mosaics_from_matrices\10_090_rot270.png,10_090,1
10_090_rot90,mosaics_from_matrices\10_090_rot90.png,10_090,1
10_091,mosaics_from_matrices\10_091.png,10_091,0
10_091_rot180,mosaics_from_matrices\10_091_rot180.png,10_091,1
10_091_rot270,mosaics_from_matrices\10_091_rot270.png,10_091,1
10_091_rot90,mosaics_from_matrices\10_091_rot90.png,10_091,1
10_092,mosaics_from_matrices\10_092.png,10_092,0
10_092_rot180,mosaics_from_matrices\10_092_rot180.png,10_092,1
10_092_rot270,mosaics_from_matrices\10_092_rot270.png,10_092,1
10_092_rot90,mosaics_from_matrices\10_092_rot90.png,10_092,1
10_093,mosaics_from_matrices\10_093.png,10_093,0
10_093_rot180,mosaics_from_matrices\10_093_rot180.png,10_093,1
10_093_rot270,mosaics_from_matrices\10_093_rot270.png,10_093,1
10_093_rot90,mosaics_from_matrices\10_093_rot90.png,10_093,1
10_094,mosaics_from_matrices\10_094.png,10_094,0
10_094_rot180,mosaics_from_matrices\10_094_rot180.png,10_094,1
10_094_rot270,mosaics_from_matrices\10_094_rot270.png,10_094,1
10_094_rot90,mosaics_from_matrices\10_094_rot90.png,10_094,1
10_095,mosaics_from_matrices\10_095.png,10_095,0
10_095_rot180,mosaics_from_matrices\10_095_rot180.png,10_095,1
10_095_rot270,mosaics_from_matrices\10_095_rot270.png,10_095,1
10_095_rot90,mosaics_from_matrices\10_095_rot90.png,10_095,1
10_096,mosaics_from_matrices\10_096.png,10_096,0
10_096_rot180,mosaics_from_matrices\10_096_rot180.png,10_096,1
10_096_rot270,mosaics_from_matrices\10_096_rot270.png,10_096,1
10_096_rot90,mosaics_from_matrices\10_096_rot90.png,10_096,1
10_097,mosaics_from_matrices\10_097.png,10_097,0
10_097_rot180,mosaics_from_matrices\10_097_rot180.png,10_097,1
10_097_rot270,mosaics_from_matrices\10_097_rot270.png,10_097,1
10_097_rot90,mosaics_from_matrices\10_097_rot90.png,10_097,1
10_098,mosaics_from_matrices\10_098.png,10_098,0
10_098_rot180,mosaics_from_matrices\10_098_rot180.png,10_098,1
10_098_rot270,mosaics_from_matrices\10_098_rot270.png,10_098,1
10_098_rot90,mosaics_from_matrices\10_098_rot90.png,10_098,1
10_099,mosaics_from_matrices\10_099.png,10_099,0
10_099_rot180,mosaics_from_matrices\10_099_rot180.png,10_099,1
10_099_rot270,mosaics_from_matrices\10_099_rot270.png,10_099,1
10_099_rot90,mosaics_from_matrices\10_099_rot90.png,10_099,1
10_100,mosaics_from_matrices\10_100.png,10_100,0
10_100_rot180,mosaics_from_matrices\10_100_rot180.png,10_100,1
10_100_rot270,mosaics_from_matrices\10_100_rot270.png,10_100,1
10_100_rot90,mosaics_from_matrices\10_100_rot90.png,10_100,1
10_101,mosaics_from_matrices\10_101.png,10_101,0
10_101_rot180,mosaics_from_matrices\10_101_rot180.png,10_101,1
10_101_rot270,mosaics_from_matrices\10_101_rot270.png,10_101,1
10_101_rot90,mosaics_from_matrices\10_101_rot90.png,10_101,1
10_102,mosaics_from_matrices\10_102.png,10_102,0
10_102_rot180,mosaics_from_matrices\10_102_rot180.png,10_102,1
10_102_rot270,mosaics_from_matrices\10_102_rot270.png,10_102,1
10_102_rot90,mosaics_from_matrices\10_102_rot90.png,10_102,1
10_103,mosaics_from_matrices\10_103.png,10_103,0
10_103_rot180,mosaics_from_matrices\10_103_rot180.png,10_103,1
10_103_rot270,mosaics_from_matrices\10_103_rot270.png,10_103,1
10_103_rot90,mosaics_from_matrices\10_103_rot90.png,10_103,1
10_104,mosaics_from_matrices\10_104.png,10_104,0
10_104_rot180,mosaics_from_matrices\10_104_rot180.png,10_104,1
10_104_rot270,mosaics_from_matrices\10_104_rot270.png,10_104,1
10_104_rot90,mosaics_from_matrices\10_104_rot90.png,10_104,1
10_105,mosaics_from_matrices\10_105.png,10_105,0
10_105_rot180,mosaics_from_matrices\10_105_rot180.png,10_105,1
10_105_rot270,mosaics_from_matrices\10_105_rot270.png,10_105,1
10_105_rot90,mosaics_from_matrices\10_105_rot90.png,10_105,1
10_106,mosaics_from_matrices\10_106.png,10_106,0
10_106_rot180,mosaics_from_matrices\10_106_rot180.png,10_106,1
10_106_rot270,mosaics_from_matrices\10_106_rot270.png,10_106,1
10_106_rot90,mosaics_from_matrices\10_106_rot90.png,10_106,1
10_107,mosaics_from_matrices\10_107.png,10_107,0
10_107_rot180,mosaics_from_matrices\10_107_rot180.png,10_107,1
10_107_rot270,mosaics_from_matrices\10_107_rot270.png,10_107,1
10_107_rot90,mosaics_from_matrices\10_107_rot90.png,10_107,1
10_108,mosaics_from_matrices\10_108.png,10_108,0
10_108_rot180,mosaics_from_matrices\10_108_rot180.png,10_108,1
10_108_rot270,mosaics_from_matrices\10_108_rot270.png,10_108,1
10_108_rot90,mosaics_from_matrices\10_108_rot90.png,10_108,1
10_109,mosaics_from_matrices\10_109.png,10_109,0
10_109_rot180,mosaics_from_matrices\10_109_rot180.png,10_109,1
10_109_rot270,mosaics_from_matrices\10_109_rot270.png,10_109,1
10_109_rot90,mosaics_from_matrices\10_109_rot90.png,10_109,1
10_110,mosaics_from_matrices\10_110.png,10_110,0
10_110_rot180,mosaics_from_matrices\10_110_rot180.png,10_110,1
10_110_rot270,mosaics_from_matrices\10_110_rot270.png,10_110,1
10_110_rot90,mosaics_from_matrices\10_110_rot90.png,10_110,1
10_111,mosaics_from_matrices\10_111.png,10_111,0
10_111_rot180,mosaics_from_matrices\10_111_rot180.png,10_111,1
10_111_rot270,mosaics_from_matrices\10_111_rot270.png,10_111,1
10_111_rot90,mosaics_from_matrices\10_111_rot90.png,10_111,1
10_112,mosaics_from_matrices\10_112.png,10_112,0
10_112_rot180,mosaics_from_matrices\10_112_rot180.png,10_112,1
10_112_rot270,mosaics_from_matrices\10_112_rot270.png,10_112,1
10_112_rot90,mosaics_from_matrices\10_112_rot90.png,10_112,1
10_113,mosaics_from_matrices\10_113.png,10_113,0
10_113_rot180,mosaics_from_matrices\10_113_rot180.png,10_113,1
10_113_rot270,mosaics_from_matrices\10_113_rot270.png,10_113,1
10_113_rot90,mosaics_from_matrices\10_113_rot90.png,10_113,1
10_114,mosaics_from_matrices\10_114.png,10_114,0
10_114_rot180,mosaics_from_matrices\10_114_rot180.png,10_114,1
10_114_rot270,mosaics_from_matrices\10_114_rot270.png,10_114,1
10_114_rot90,mosaics_from_matrices\10_114_rot90.png,10_114,1
10_115,mosaics_from_matrices\10_115.png,10_115,0
10_115_rot180,mosaics_from_matrices\10_115_rot180.png,10_115,1
10_115_rot270,mosaics_from_matrices\10_115_rot270.png,10_115,1
10_115_rot90,mosaics_from_matrices\10_115_rot90.png,10_115,1
10_116,mosaics_from_matrices\10_116.png,10_116,0
10_116_rot180,mosaics_from_matrices\10_116_rot180.png,10_116,1
10_116_rot270,mosaics_from_matrices\10_116_rot270.png,10_116,1
10_116_rot90,mosaics_from_matrices\10_116_rot90.png,10_116,1
10_117,mosaics_from_matrices\10_117.png,10_117,0
10_117_rot180,mosaics_from_matrices\10_117_rot180.png,10_117,1
10_117_rot270,mosaics_from_matrices\10_117_rot270.png,10_117,1
10_117_rot90,mosaics_from_matrices\10_117_rot90.png,10_117,1
10_118,mosaics_from_matrices\10_118.png,10_118,0
10_118_rot180,mosaics_from_matrices\10_118_rot180.png,10_118,1
10_118_rot270,mosaics_from_matrices\10_118_rot270.png,10_118,1
10_118_rot90,mosaics_from_matrices\10_118_rot90.png,10_118,1
10_119,mosaics_from_matrices\10_119.png,10_119,0
10_119_rot180,mosaics_from_matrices\10_119_rot180.png,10_119,1
10_119_rot270,mosaics_from_matrices\10_119_rot270.png,10_119,1
10_119_rot90,mosaics_from_matrices\10_119_rot90.png,10_119,1
10_120,mosaics_from_matrices\10_120.png,10_120,0
10_120_rot180,mosaics_from_matrices\10_120_rot180.png,10_120,1
10_120_rot270,mosaics_from_matrices\10_120_rot270.png,10_120,1
10_120_rot90,mosaics_from_matrices\10_120_rot90.png,10_120,1
10_121,mosaics_from_matrices\10_121.png,10_121,0
10_121_rot180,mosaics_from_matrices\10_121_rot180.png,10_121,1
10_121_rot270,mosaics_from_matrices\10_121_rot270.png,10_121,1
10_121_rot90,mosaics_from_matrices\10_121_rot90.png,10_121,1
10_122,mosaics_from_matrices\10_122.png,10_122,0
10_122_rot180,mosaics_from_matrices\10_122_rot180.png,10_122,1
10_122_rot270,mosaics_from_matrices\10_122_rot270.png,10_122,1
10_122_rot90,mosaics_from_matrices\10_122_rot90.png,10_122,1
10_123,mosaics_from_matrices\10_123.png,10_123,0
10_123_rot180,mosaics_from_matrices\10_123_rot180.png,10_123,1
10_123_rot270,mosaics_from_matrices\10_123_rot270.png,10_123,1
10_123_rot90,mosaics_from_matrices\10_123_rot90.png,10_123,1
10_124,mosaics_from_matrices\10_124.png,10_124,0
10_124_rot180,mosaics_from_matrices\10_124_rot180.png,10_124,1
10_124_rot270,mosaics_from_matrices\10_124_rot270.png,10_124,1
10_124_rot90,mosaics_from_matrices\10_124_rot90.png,10_124,1
10_125,mosaics_from_matrices\10_125.png,10_125,0
10_125_rot180,mosaics_from_matrices\10_125_rot180.png,10_125,1
10_125_rot270,mosaics_from_matrices\10_125_rot270.png,10_125,1
10_125_rot90,mosaics_from_matrices\10_125_rot90.png,10_125,1
10_126,mosaics_from_matrices\10_126.png,10_126,0
10_126_rot180,mosaics_from_matrices\10_126_rot180.png,10_126,1
10_126_rot270,mosaics_from_matrices\10_126_rot270.png,10_126,1
10_126_rot90,mosaics_from_matrices\10_126_rot90.png,10_126,1
10_127,mosaics_from_matrices\10_127.png,10_127,0
10_127_rot180,mosaics_from_matrices\10_127_rot180.png,10_127,1
10_127_rot270,mosaics_from_matrices\10_127_rot270.png,10_127,1
10_127_rot90,mosaics_from_matrices\10_127_rot90.png,10_127,1
10_128,mosaics_from_matrices\10_128.png,10_128,0
10_128_rot180,mosaics_from_matrices\10_128_rot180.png,10_128,1
10_128_rot270,mosaics_from_matrices\10_128_rot270.png,10_128,1
10_128_rot90,mosaics_from_matrices\10_128_rot90.png,10_128,1
10_129,mosaics_from_matrices\10_129.png,10_129,0
10_129_rot180,mosaics_from_matrices\10_129_rot180.png,10_129,1
10_129_rot270,mosaics_from_matrices\10_129_rot270.png,10_129,1
10_129_rot90,mosaics_from_matrices\10_129_rot90.png,10_129,1
10_130,mosaics_from_matrices\10_130.png,10_130,0
10_130_rot180,mosaics_from_matrices\10_130_rot180.png,10_130,1
10_130_rot270,mosaics_from_matrices\10_130_rot270.png,10_130,1
10_130_rot90,mosaics_from_matrices\10_130_rot90.png,10_130,1
10_131,mosaics_from_matrices\10_131.png,10_131,0
10_131_rot180,mosaics_from_matrices\10_131_rot180.png,10_131,1
10_131_rot270,mosaics_from_matrices\10_131_rot270.png,10_131,1
10_131_rot90,mosaics_from_matrices\10_131_rot90.png,10_131,1
10_132,mosaics_from_matrices\10_132.png,10_132,0
10_132_rot180,mosaics_from_matrices\10_132_rot180.png,10_132,1
10_132_rot270,mosaics_from_matrices\10_132_rot270.png,10_132,1
10_132_rot90,mosaics_from_matrices\10_132_rot90.png,10_132,1
10_133,mosaics_from_matrices\10_133.png,10_133,0
10_133_rot180,mosaics_from_matrices\10_133_rot180.png,10_133,1
10_133_rot270,mosaics_from_matrices\10_133_rot270.png,10_133,1
10_133_rot90,mosaics_from_matrices\10_133_rot90.png,10_133,1
10_134,mosaics_from_matrices\10_134.png,10_134,0
10_134_rot180,mosaics_from_matrices\10_134_rot180.png,10_134,1
10_134_rot270,mosaics_from_matrices\10_134_rot270.png,10_134,1
10_134_rot90,mosaics_from_matrices\10_134_rot90.png,10_134,1
10_135,mosaics_from_matrices\10_135.png,10_135,0
10_135_rot180,mosaics_from_matrices\10_135_rot180.png,10_135,1
10_135_rot270,mosaics_from_matrices\10_135_rot270.png,10_135,1
10_135_rot90,mosaics_from_matrices\10_135_rot90.png,10_135,1
10_136,mosaics_from_matrices\10_136.png,10_136,0
10_136_rot180,mosaics_from_matrices\10_136_rot180.png,10_136,1
10_136_rot270,mosaics_from_matrices\10_136_rot270.png,10_136,1
10_136_rot90,mosaics_from_matrices\10_136_rot90.png,10_136,1
10_137,mosaics_from_matrices\10_137.png,10_137,0
10_137_rot180,mosaics_from_matrices\10_137_rot180.png,10_137,1
10_137_rot270,mosaics_from_matrices\10_137_rot270.png,10_137,1
10_137_rot90,mosaics_from_matrices\10_137_rot90.png,10_137,1
10_138,mosaics_from_matrices\10_138.png,10_138,0
10_138_rot180,mosaics_from_matrices\10_138_rot180.png,10_138,1
10_138_rot270,mosaics_from_matrices\10_138_rot270.png,10_138,1
10_138_rot90,mosaics_from_matrices\10_138_rot90.png,10_138,1
10_139,mosaics_from_matrices\10_139.png,10_139,0
10_139_rot180,mosaics_from_matrices\10_139_rot180.png,10_139,1
10_139_rot270,mosaics_from_matrices\10_139_rot270.png,10_139,1
10_139_rot90,mosaics_from_matrices\10_139_rot90.png,10_139,1
10_140,mosaics_from_matrices\10_140.png,10_140,0
10_140_rot180,mosaics_from_matrices\10_140_rot180.png,10_140,1
10_140_rot270,mosaics_from_matrices\10_140_rot270.png,10_140,1
10_140_rot90,mosaics_from_matrices\10_140_rot90.png,10_140,1
10_141,mosaics_from_matrices\10_141.png,10_141,0
10_141_rot180,mosaics_from_matrices\10_141_rot180.png,10_141,1
10_141_rot270,mosaics_from_matrices\10_141_rot270.png,10_141,1
10_141_rot90,mosaics_from_matrices\10_141_rot90.png,10_141,1
10_142,mosaics_from_matrices\10_142.png,10_142,0
10_142_rot180,mosaics_from_matrices\10_142_rot180.png,10_142,1
10_142_rot270,mosaics_from_matrices\10_142_rot270.png,10_142,1
10_142_rot90,mosaics_from_matrices\10_142_rot90.png,10_142,1
10_143,mosaics_from_matrices\10_143.png,10_143,0
10_143_rot180,mosaics_from_matrices\10_143_rot180.png,10_143,1
10_143_rot270,mosaics_from_matrices\10_143_rot270.png,10_143,1
10_143_rot90,mosaics_from_matrices\10_143_rot90.png,10_143,1
10_144,mosaics_from_matrices\10_144.png,10_144,0
10_144_rot180,mosaics_from_matrices\10_144_rot180.png,10_144,1
10_144_rot270,mosaics_from_matrices\10_144_rot270.png,10_144,1
10_144_rot90,mosaics_from_matrices\10_144_rot90.png,10_144,1
10_145,mosaics_from_matrices\10_145.png,10_145,0
10_145_rot180,mosaics_from_matrices\10_145_rot180.png,10_145,1
10_145_rot270,mosaics_from_matrices\10_145_rot270.png,10_145,1
10_145_rot90,mosaics_from_matrices\10_145_rot90.png,10_145,1
10_146,mosaics_from_matrices\10_146.png,10_146,0
10_146_rot180,mosaics_from_matrices\10_146_rot180.png,10_146,1
10_146_rot270,mosaics_from_matrices\10_146_rot270.png,10_146,1
10_146_rot90,mosaics_from_matrices\10_146_rot90.png,10_146,1
10_147,mosaics_from_matrices\10_147.png,10_147,0
10_147_rot180,mosaics_from_matrices\10_147_rot180.png,10_147,1
10_147_rot270,mosaics_from_matrices\10_147_rot270.png,10_147,1
10_147_rot90,mosaics_from_matrices\10_147_rot90.png,10_147,1
10_148,mosaics_from_matrices\10_148.png,10_148,0
10_148_rot180,mosaics_from_matrices\10_148_rot180.png,10_148,1
10_148_rot270,mosaics_from_matrices\10_148_rot270.png,10_148,1
10_148_rot90,mosaics_from_matrices\10_148_rot90.png,10_148,1
10_149,mosaics_from_matrices\10_149.png,10_149,0
10_149_rot180,mosaics_from_matrices\10_149_rot180.png,10_149,1
10_149_rot270,mosaics_from_matrices\10_149_rot270.png,10_149,1
10_149_rot90,mosaics_from_matrices\10_149_rot90.png,10_149,1
10_150,mosaics_from_matrices\10_150.png,10_150,0
10_150_rot180,mosaics_from_matrices\10_150_rot180.png,10_150,1
10_150_rot270,mosaics_from_matrices\10_150_rot270.png,10_150,1
10_150_rot90,mosaics_from_matrices\10_150_rot90.png,10_150,1
10_151,mosaics_from_matrices\10_151.png,10_151,0
10_151_rot180,mosaics_from_matrices\10_151_rot180.png,10_151,1
10_151_rot270,mosaics_from_matrices\10_151_rot270.png,10_151,1
10_151_rot90,mosaics_from_matrices\10_151_rot90.png,10_151,1
10_152,mosaics_from_matrices\10_152.png,10_152,0
10_152_rot180,mosaics_from_matrices\10_152_rot180.png,10_152,1
10_152_rot270,mosaics_from_matrices\10_152_rot270.png,10_152,1
10_152_rot90,mosaics_from_matrices\10_152_rot90.png,10_152,1
10_153,mosaics_from_matrices\10_153.png,10_153,0
10_153_rot180,mosaics_from_matrices\10_153_rot180.png,10_153,1
10_153_rot270,mosaics_from_matrices\10_153_rot270.png,10_153,1
10_153_rot90,mosaics_from_matrices\10_153_rot90.png,10_153,1
10_154,mosaics_from_matrices\10_154.png,10_154,0
10_154_rot180,mosaics_from_matrices\10_154_rot180.png,10_154,1
10_154_rot270,mosaics_from_matrices\10_154_rot270.png,10_154,1
10_154_rot90,mosaics_from_matrices\10_154_rot90.png,10_154,1
10_155,mosaics_from_matrices\10_155.png,10_155,0
10_155_rot180,mosaics_from_matrices\10_155_rot180.png,10_155,1
10_155_rot270,mosaics_from_matrices\10_155_rot270.png,10_155,1
10_155_rot90,mosaics_from_matrices\10_155_rot90.png,10_155,1
10_156,mosaics_from_matrices\10_156.png,10_156,0
10_156_rot180,mosaics_from_matrices\10_156_rot180.png,10_156,1
10_156_rot270,mosaics_from_matrices\10_156_rot270.png,10_156,1
10_156_rot90,mosaics_from_matrices\10_156_rot90.png,10_156,1
10_157,mosaics_from_matrices\10_157.png,10_157,0
10_157_rot180,mosaics_from_matrices\10_157_rot180.png,10_157,1
10_157_rot270,mosaics_from_matrices\10_157_rot270.png,10_157,1
10_157_rot90,mosaics_from_matrices\10_157_rot90.png,10_157,1
10_158,mosaics_from_matrices\10_158.png,10_158,0
10_158_rot180,mosaics_from_matrices\10_158_rot180.png,10_158,1
10_158_rot270,mosaics_from_matrices\10_158_rot270.png,10_158,1
10_158_rot90,mosaics_from_matrices\10_158_rot90.png,10_158,1
10_159,mosaics_from_matrices\10_159.png,10_159,0
10_159_rot180,mosaics_from_matrices\10_159_rot180.png,10_159,1
10_159_rot270,mosaics_from_matrices\10_159_rot270.png,10_159,1
10_159_rot90,mosaics_from_matrices\10_159_rot90.png,10_159,1
10_160,mosaics_from_matrices\10_160.png,10_160,0
10_160_rot180,mosaics_from_matrices\10_160_rot180.png,10_160,1
10_160_rot270,mosaics_from_matrices\10_160_rot270.png,10_160,1
10_160_rot90,mosaics_from_matrices\10_160_rot90.png,10_160,1
10_161,mosaics_from_matrices\10_161.png,10_161,0
10_161_rot180,mosaics_from_matrices\10_161_rot180.png,10_161,1
10_161_rot270,mosaics_from_matrices\10_161_rot270.png,10_161,1
10_161_rot90,mosaics_from_matrices\10_161_rot90.png,10_161,1
10_162,mosaics_from_matrices\10_162.png,10_162,0
10_162_rot180,mosaics_from_matrices\10_162_rot180.png,10_162,1
10_162_rot270,mosaics_from_matrices\10_162_rot270.png,10_162,1
10_162_rot90,mosaics_from_matrices\10_162_rot90.png,10_162,1
10_163,mosaics_from_matrices\10_163.png,10_163,0
10_163_rot180,mosaics_from_matrices\10_163_rot180.png,10_163,1
10_163_rot270,mosaics_from_matrices\10_163_rot270.png,10_163,1
10_163_rot90,mosaics_from_matrices\10_163_rot90.png,10_163,1
10_164,mosaics_from_matrices\10_164.png,10_164,0
10_164_rot180,mosaics_from_matrices\10_164_rot180.png,10_164,1
10_164_rot270,mosaics_from_matrices\10_164_rot270.png,10_164,1
10_164_rot90,mosaics_from_matrices\10_164_rot90.png,10_164,1
10_165,mosaics_from_matrices\10_165.png,10_165,0
10_165_rot180,mosaics_from_matrices\10_165_rot180.png,10_165,1
10_165_rot270,mosaics_from_matrices\10_165_rot270.png,10_165,1
10_165_rot90,mosaics_from_matrices\10_165_rot90.png,10_165,1
3_1,mosaics_from_matrices\3_1.png,3_1,0
3_1_rot180,mosaics_from_matrices\3_1_rot180.png,3_1,1
3_1_rot270,mosaics_from_matrices\3_1_rot270.png,3_1,1
3_1_rot90,mosaics_from_matrices\3_1_rot90.png,3_1,1
4_1,mosaics_from_matrices\4_1.png,4_1,0
4_1_rot180,mosaics_from_matrices\4_1_rot180.png,4_1,1
4_1_rot270,mosaics_from_matrices\4_1_rot270.png,4_1,1
4_1_rot90,mosaics_from_matrices\4_1_rot90.png,4_1,1
5_1,mosaics_from_matrices\5_1.png,5_1,0
5_1_rot180,mosaics_from_matrices\5_1_rot180.png,5_1,1
5_1_rot270,mosaics_from_matrices\5_1_rot270.png,5_1,1
5_1_rot90,mosaics_from_matrices\5_1_rot90.png,5_1,1
5_2,mosaics_from_matrices\5_2.png,5_2,0
5_2_rot180,mosaics_from_matrices\5_2_rot180.png,5_2,1
5_2_rot270,mosaics_from_matrices\5_2_rot270.png,5_2,1
5_2_rot90,mosaics_from_matrices\5_2_rot90.png,5_2,1
6_1,mosaics_from_matrices\6_1.png,6_1,0
6_1_rot180,mosaics_from_matrices\6_1_rot180.png,6_1,1
6_1_rot270,mosaics_from_matrices\6_1_rot270.png,6_1,1
6_1_rot90,mosaics_from_matrices\6_1_rot90.png,6_1,1
6_2,mosaics_from_matrices\6_2.png,6_2,0
6_2_rot180,mosaics_from_matrices\6_2_rot180.png,6_2,1
6_2_rot270,mosaics_from_matrices\6_2_rot270.png,6_2,1
6_2_rot90,mosaics_from_matrices\6_2_rot90.png,6_2,1
6_3,mosaics_from_matrices\6_3.png,6_3,0
6_3_rot180,mosaics_from_matrices\6_3_rot180.png,6_3,1
6_3_rot270,mosaics_from_matrices\6_3_rot270.png,6_3,1
6_3_rot90,mosaics_from_matrices\6_3_rot90.png,6_3,1
7_1,mosaics_from_matrices\7_1.png,7_1,0
7_1_rot180,mosaics_from_matrices\7_1_rot180.png,7_1,1
7_1_rot270,mosaics_from_matrices\7_1_rot270.png,7_1,1
7_1_rot90,mosaics_from_matrices\7_1_rot90.png,7_1,1
7_2,mosaics_from_matrices\7_2.png,7_2,0
7_2_rot180,mosaics_from_matrices\7_2_rot180.png,7_2,1
7_2_rot270,mosaics_from_matrices\7_2_rot270.png,7_2,1
7_2_rot90,mosaics_from_matrices\7_2_rot90.png,7_2,1
7_3,mosaics_from_matrices\7_3.png,7_3,0
7_3_rot180,mosaics_from_matrices\7_3_rot180.png,7_3,1
7_3_rot270,mosaics_from_matrices\7_3_rot270.png,7_3,1
7_3_rot90,mosaics_from_matrices\7_3_rot90.png,7_3,1
7_4,mosaics_from_matrices\7_4.png,7_4,0
7_4_rot180,mosaics_from_matrices\7_4_rot180.png,7_4,1
7_4_rot270,mosaics_from_matrices\7_4_rot270.png,7_4,1
7_4_rot90,mosaics_from_matrices\7_4_rot90.png,7_4,1
7_5,mosaics_from_matrices\7_5.png,7_5,0
7_5_rot180,mosaics_from_matrices\7_5_rot180.png,7_5,1
7_5_rot270,mosaics_from_matrices\7_5_rot270.png,7_5,1
7_5_rot90,mosaics_from_matrices\7_5_rot90.png,7_5,1
7_6,mosaics_from_matrices\7_6.png,7_6,0
7_6_rot180,mosaics_from_matrices\7_6_rot180.png,7_6,1
7_6_rot270,mosaics_from_matrices\7_6_rot270.png,7_6,1
7_6_rot90,mosaics_from_matrices\7_6_rot90.png,7_6,1
7_7,mosaics_from_matrices\7_7.png,7_7,0
7_7_rot180,mosaics_from_matrices\7_7_rot180.png,7_7,1
7_7_rot270,mosaics_from_matrices\7_7_rot270.png,7_7,1
7_7_rot90,mosaics_from_matrices\7_7_rot90.png,7_7,1
8_1,mosaics_from_matrices\8_1.png,8_1,0
8_10,mosaics_from_matrices\8_10.png,8_10,0
8_10_rot180,mosaics_from_matrices\8_10_rot180.png,8_10,1
8_10_rot270,mosaics_from_matrices\8_10_rot270.png,8_10,1
8_10_rot90,mosaics_from_matrices\8_10_rot90.png,8_10,1
8_11,mosaics_from_matrices\8_11.png,8_11,0
8_11_rot180,mosaics_from_matrices\8_11_rot180.png,8_11,1
8_11_rot270,mosaics_from_matrices\8_11_rot270.png,8_11,1
8_11_rot90,mosaics_from_matrices\8_11_rot90.png,8_11,1
8_12,mosaics_from_matrices\8_12.png,8_12,0
8_12_rot180,mosaics_from_matrices\8_12_rot180.png,8_12,1
8_12_rot270,mosaics_from_matrices\8_12_rot270.png,8_12,1
8_12_rot90,mosaics_from_matrices\8_12_rot90.png,8_12,1
8_13,mosaics_from_matrices\8_13.png,8_13,0
8_13_rot180,mosaics_from_matrices\8_13_rot180.png,8_13,1
8_13_rot270,mosaics_from_matrices\8_13_rot270.png,8_13,1
8_13_rot90,mosaics_from_matrices\8_13_rot90.png,8_13,1
8_14,mosaics_from_matrices\8_14.png,8_14,0
8_14_rot180,mosaics_from_matrices\8_14_rot180.png,8_14,1
8_14_rot270,mosaics_from_matrices\8_14_rot270.png,8_14,1
8_14_rot90,mosaics_from_matrices\8_14_rot90.png,8_14,1
8_15,mosaics_from_matrices\8_15.png,8_15,0
8_15_rot180,mosaics_from_matrices\8_15_rot180.png,8_15,1
8_15_rot270,mosaics_from_matrices\8_15_rot270.png,8_15,1
8_15_rot90,mosaics_from_matrices\8_15_rot90.png,8_15,1
8_16,mosaics_from_matrices\8_16.png,8_16,0
8_16_rot180,mosaics_from_matrices\8_16_rot180.png,8_16,1
8_16_rot270,mosaics_from_matrices\8_16_rot270.png,8_16,1
8_16_rot90,mosaics_from_matrices\8_16_rot90.png,8_16,1
8_17,mosaics_from_matrices\8_17.png,8_17,0
8_17_rot180,mosaics_from_matrices\8_17_rot180.png,8_17,1
8_17_rot270,mosaics_from_matrices\8_17_rot270.png,8_17,1
8_17_rot90,mosaics_from_matrices\8_17_rot90.png,8_17,1
8_18,mosaics_from_matrices\8_18.png,8_18,0
8_18_rot180,mosaics_from_matrices\8_18_rot180.png,8_18,1
8_18_rot270,mosaics_from_matrices\8_18_rot270.png,8_18,1
8_18_rot90,mosaics_from_matrices\8_18_rot90.png,8_18,1
8_19,mosaics_from_matrices\8_19.png,8_19,0
8_19_rot180,mosaics_from_matrices\8_19_rot180.png,8_19,1
8_19_rot270,mosaics_from_matrices\8_19_rot270.png,8_19,1
8_19_rot90,mosaics_from_matrices\8_19_rot90.png,8_19,1
8_1_rot180,mosaics_from_matrices\8_1_rot180.png,8_1,1
8_1_rot270,mosaics_from_matrices\8_1_rot270.png,8_1,1
8_1_rot90,mosaics_from_matrices\8_1_rot90.png,8_1,1
8_2,mosaics_from_matrices\8_2.png,8_2,0
8_20,mosaics_from_matrices\8_20.png,8_20,0
8_20_rot180,mosaics_from_matrices\8_20_rot180.png,8_20,1
8_20_rot270,mosaics_from_matrices\8_20_rot270.png,8_20,1
8_20_rot90,mosaics_from_matrices\8_20_rot90.png,8_20,1
8_21,mosaics_from_matrices\8_21.png,8_21,0
8_21_rot180,mosaics_from_matrices\8_21_rot180.png,8_21,1
8_21_rot270,mosaics_from_matrices\8_21_rot270.png,8_21,1
8_21_rot90,mosaics_from_matrices\8_21_rot90.png,8_21,1
8_2_rot180,mosaics_from_matrices\8_2_rot180.png,8_2,1
8_2_rot270,mosaics_from_matrices\8_2_rot270.png,8_2,1
8_2_rot90,mosaics_from_matrices\8_2_rot90.png,8_2,1
8_3,mosaics_from_matrices\8_3.png,8_3,0
8_3_rot180,mosaics_from_matrices\8_3_rot180.png,8_3,1
8_3_rot270,mosaics_from_matrices\8_3_rot270.png,8_3,1
8_3_rot90,mosaics_from_matrices\8_3_rot90.png,8_3,1
8_4,mosaics_from_matrices\8_4.png,8_4,0
8_4_rot180,mosaics_from_matrices\8_4_rot180.png,8_4,1
8_4_rot270,mosaics_from_matrices\8_4_rot270.png,8_4,1
8_4_rot90,mosaics_from_matrices\8_4_rot90.png,8_4,1
8_5,mosaics_from_matrices\8_5.png,8_5,0
8_5_rot180,mosaics_from_matrices\8_5_rot180.png,8_5,1
8_5_rot270,mosaics_from_matrices\8_5_rot270.png,8_5,1
8_5_rot90,mosaics_from_matrices\8_5_rot90.png,8_5,1
8_6,mosaics_from_matrices\8_6.png,8_6,0
8_6_rot180,mosaics_from_matrices\8_6_rot180.png,8_6,1
8_6_rot270,mosaics_from_matrices\8_6_rot270.png,8_6,1
8_6_rot90,mosaics_from_matrices\8_6_rot90.png,8_6,1
8_7,mosaics_from_matrices\8_7.png,8_7,0
8_7_rot180,mosaics_from_matrices\8_7_rot180.png,8_7,1
8_7_rot270,mosaics_from_matrices\8_7_rot270.png,8_7,1
8_7_rot90,mosaics_from_matrices\8_7_rot90.png,8_7,1
8_8,mosaics_from_matrices\8_8.png,8_8,0
8_8_rot180,mosaics_from_matrices\8_8_rot180.png,8_8,1
8_8_rot270,mosaics_from_matrices\8_8_rot270.png,8_8,1
8_8_rot90,mosaics_from_matrices\8_8_rot90.png,8_8,1
8_9,mosaics_from_matrices\8_9.png,8_9,0
8_9_rot180,mosaics_from_matrices\8_9_rot180.png,8_9,1
8_9_rot270,mosaics_from_matrices\8_9_rot270.png,8_9,1
8_9_rot90,mosaics_from_matrices\8_9_rot90.png,8_9,1
9_1,mosaics_from_matrices\9_1.png,9_1,0
9_10,mosaics_from_matrices\9_10.png,9_10,0
9_10_rot180,mosaics_from_matrices\9_10_rot180.png,9_10,1
9_10_rot270,mosaics_from_matrices\9_10_rot270.png,9_10,1
9_10_rot90,mosaics_from_matrices\9_10_rot90.png,9_10,1
9_11,mosaics_from_matrices\9_11.png,9_11,0
9_11_rot180,mosaics_from_matrices\9_11_rot180.png,9_11,1
9_11_rot270,mosaics_from_matrices\9_11_rot270.png,9_11,1
9_11_rot90,mosaics_from_matrices\9_11_rot90.png,9_11,1
9_12,mosaics_from_matrices\9_12.png,9_12,0
9_12_rot180,mosaics_from_matrices\9_12_rot180.png,9_12,1
9_12_rot270,mosaics_from_matrices\9_12_rot270.png,9_12,1
9_12_rot90,mosaics_from_matrices\9_12_rot90.png,9_12,1
9_13,mosaics_from_matrices\9_13.png,9_13,0
9_13_rot180,mosaics_from_matrices\9_13_rot180.png,9_13,1
9_13_rot270,mosaics_from_matrices\9_13_rot270.png,9_13,1
9_13_rot90,mosaics_from_matrices\9_13_rot90.png,9_13,1
9_14,mosaics_from_matrices\9_14.png,9_14,0
9_14_rot180,mosaics_from_matrices\9_14_rot180.png,9_14,1
9_14_rot270,mosaics_from_matrices\9_14_rot270.png,9_14,1
9_14_rot90,mosaics_from_matrices\9_14_rot90.png,9_14,1
9_15,mosaics_from_matrices\9_15.png,9_15,0
9_15_rot180,mosaics_from_matrices\9_15_rot180.png,9_15,1
9_15_rot270,mosaics_from_matrices\9_15_rot270.png,9_15,1
9_15_rot90,mosaics_from_matrices\9_15_rot90.png,9_15,1
9_16,mosaics_from_matrices\9_16.png,9_16,0
9_16_rot180,mosaics_from_matrices\9_16_rot180.png,9_16,1
9_16_rot270,mosaics_from_matrices\9_16_rot270.png,9_16,1
9_16_rot90,mosaics_from_matrices\9_16_rot90.png,9_16,1
9_17,mosaics_from_matrices\9_17.png,9_17,0
9_17_rot180,mosaics_from_matrices\9_17_rot180.png,9_17,1
9_17_rot270,mosaics_from_matrices\9_17_rot270.png,9_17,1
9_17_rot90,mosaics_from_matrices\9_17_rot90.png,9_17,1
9_18,mosaics_from_matrices\9_18.png,9_18,0
9_18_rot180,mosaics_from_matrices\9_18_rot180.png,9_18,1
9_18_rot270,mosaics_from_matrices\9_18_rot270.png,9_18,1
9_18_rot90,mosaics_from_matrices\9_18_rot90.png,9_18,1
9_19,mosaics_from_matrices\9_19.png,9_19,0
9_19_rot180,mosaics_from_matrices\9_19_rot180.png,9_19,1
9_19_rot270,mosaics_from_matrices\9_19_rot270.png,9_19,1
9_19_rot90,mosaics_from_matrices\9_19_rot90.png,9_19,1
9_1_rot180,mosaics_from_matrices\9_1_rot180.png,9_1,1
9_1_rot270,mosaics_from_matrices\9_1_rot270.png,9_1,1
9_1_rot90,mosaics_from_matrices\9_1_rot90.png,9_1,1
9_2,mosaics_from_matrices\9_2.png,9_2,0
9_20,mosaics_from_matrices\9_20.png,9_20,0
9_20_rot180,mosaics_from_matrices\9_20_rot180.png,9_20,1
9_20_rot270,mosaics_from_matrices\9_20_rot270.png,9_20,1
9_20_rot90,mosaics_from_matrices\9_20_rot90.png,9_20,1
9_21,mosaics_from_matrices\9_21.png,9_21,0
9_21_rot180,mosaics_from_matrices\9_21_rot180.png,9_21,1
9_21_rot270,mosaics_from_matrices\9_21_rot270.png,9_21,1
9_21_rot90,mosaics_from_matrices\9_21_rot90.png,9_21,1
9_22,mosaics_from_matrices\9_22.png,9_22,0
9_22_rot180,mosaics_from_matrices\9_22_rot180.png,9_22,1
9_22_rot270,mosaics_from_matrices\9_22_rot270.png,9_22,1
9_22_rot90,mosaics_from_matrices\9_22_rot90.png,9_22,1
9_23,mosaics_from_matrices\9_23.png,9_23,0
9_23_rot180,mosaics_from_matrices\9_23_rot180.png,9_23,1
9_23_rot270,mosaics_from_matrices\9_23_rot270.png,9_23,1
9_23_rot90,mosaics_from_matrices\9_23_rot90.png,9_23,1
9_24,mosaics_from_matrices\9_24.png,9_24,0
9_24_rot180,mosaics_from_matrices\9_24_rot180.png,9_24,1
9_24_rot270,mosaics_from_matrices\9_24_rot270.png,9_24,1
9_24_rot90,mosaics_from_matrices\9_24_rot90.png,9_24,1
9_25,mosaics_from_matrices\9_25.png,9_25,0
9_25_rot180,mosaics_from_matrices\9_25_rot180.png,9_25,1
9_25_rot270,mosaics_from_matrices\9_25_rot270.png,9_25,1
9_25_rot90,mosaics_from_matrices\9_25_rot90.png,9_25,1
9_26,mosaics_from_matrices\9_26.png,9_26,0
9_26_rot180,mosaics_from_matrices\9_26_rot180.png,9_26,1
9_26_rot270,mosaics_from_matrices\9_26_rot270.png,9_26,1
9_26_rot90,mosaics_from_matrices\9_26_rot90.png,9_26,1
9_27,mosaics_from_matrices\9_27.png,9_27,0
9_27_rot180,mosaics_from_matrices\9_27_rot180.png,9_27,1
9_27_rot270,mosaics_from_matrices\9_27_rot270.png,9_27,1
9_27_rot90,mosaics_from_matrices\9_27_rot90.png,9_27,1
9_28,mosaics_from_matrices\9_28.png,9_28,0
9_28_rot180,mosaics_from_matrices\9_28_rot180.png,9_28,1
9_28_rot270,mosaics_from_matrices\9_28_rot270.png,9_28,1
9_28_rot90,mosaics_from_matrices\9_28_rot90.png,9_28,1
9_29,mosaics_from_matrices\9_29.png,9_29,0
9_29_rot180,mosaics_from_matrices\9_29_rot180.png,9_29,1
9_29_rot270,mosaics_from_matrices\9_29_rot270.png,9_29,1
9_29_rot90,mosaics_from_matrices\9_29_rot90.png,9_29,1
9_2_rot180,mosaics_from_matrices\9_2_rot180.png,9_2,1
9_2_rot270,mosaics_from_matrices\9_2_rot270.png,9_2,1
9_2_rot90,mosaics_from_matrices\9_2_rot90.png,9_2,1
9_3,mosaics_from_matrices\9_3.png,9_3,0
9_30,mosaics_from_matrices\9_30.png,9_30,0
9_30_rot180,mosaics_from_matrices\9_30_rot180.png,9_30,1
9_30_rot270,mosaics_from_matrices\9_30_rot270.png,9_30,1
9_30_rot90,mosaics_from_matrices\9_30_rot90.png,9_30,1
9_31,mosaics_from_matrices\9_31.png,9_31,0
9_31_rot180,mosaics_from_matrices\9_31_rot180.png,9_31,1
9_31_rot270,mosaics_from_matrices\9_31_rot270.png,9_31,1
9_31_rot90,mosaics_from_matrices\9_31_rot90.png,9_31,1
9_32,mosaics_from_matrices\9_32.png,9_32,0
9_32_rot180,mosaics_from_matrices\9_32_rot180.png,9_32,1
9_32_rot270,mosaics_from_matrices\9_32_rot270.png,9_32,1
9_32_rot90,mosaics_from_matrices\9_32_rot90.png,9_32,1
9_33,mosaics_from_matrices\9_33.png,9_33,0
9_33_rot180,mosaics_from_matrices\9_33_rot180.png,9_33,1
9_33_rot270,mosaics_from_matrices\9_33_rot270.png,9_33,1
9_33_rot90,mosaics_from_matrices\9_33_rot90.png,9_33,1
9_34,mosaics_from_matrices\9_34.png,9_34,0
9_34_rot180,mosaics_from_matrices\9_34_rot180.png,9_34,1
9_34_rot270,mosaics_from_matrices\9_34_rot270.png,9_34,1
9_34_rot90,mosaics_from_matrices\9_34_rot90.png,9_34,1
9_35,mosaics_from_matrices\9_35.png,9_35,0
9_35_rot180,mosaics_from_matrices\9_35_rot180.png,9_35,1
9_35_rot270,mosaics_from_matrices\9_35_rot270.png,9_35,1
9_35_rot90,mosaics_from_matrices\9_35_rot90.png,9_35,1
9_36,mosaics_from_matrices\9_36.png,9_36,0
9_36_rot180,mosaics_from_matrices\9_36_rot180.png,9_36,1
9_36_rot270,mosaics_from_matrices\9_36_rot270.png,9_36,1
9_36_rot90,mosaics_from_matrices\9_36_rot90.png,9_36,1
9_37,mosaics_from_matrices\9_37.png,9_37,0
9_37_rot180,mosaics_from_matrices\9_37_rot180.png,9_37,1
9_37_rot270,mosaics_from_matrices\9_37_rot270.png,9_37,1
9_37_rot90,mosaics_from_matrices\9_37_rot90.png,9_37,1
9_38,mosaics_from_matrices\9_38.png,9_38,0
9_38_rot180,mosaics_from_matrices\9_38_rot180.png,9_38,1
9_38_rot270,mosaics_from_matrices\9_38_rot270.png,9_38,1
9_38_rot90,mosaics_from_matrices\9_38_rot90.png,9_38,1
9_39,mosaics_from_matrices\9_39.png,9_39,0
9_39_rot180,mosaics_from_matrices\9_39_rot180.png,9_39,1
9_39_rot270,mosaics_from_matrices\9_39_rot270.png,9_39,1
9_39_rot90,mosaics_from_matrices\9_39_rot90.png,9_39,1
9_3_rot180,mosaics_from_matrices\9_3_rot180.png,9_3,1
9_3_rot270,mosaics_from_matrices\9_3_rot270.png,9_3,1
9_3_rot90,mosaics_from_matrices\9_3_rot90.png,9_3,1
9_4,mosaics_from_matrices\9_4.png,9_4,0
9_40,mosaics_from_matrices\9_40.png,9_40,0
9_40_rot180,mosaics_from_matrices\9_40_rot180.png,9_40,1
9_40_rot270,mosaics_from_matrices\9_40_rot270.png,9_40,1
9_40_rot90,mosaics_from_matrices\9_40_rot90.png,9_40,1
9_41,mosaics_from_matrices\9_41.png,9_41,0
9_41_rot180,mosaics_from_matrices\9_41_rot180.png,9_41,1
9_41_rot270,mosaics_from_matrices\9_41_rot270.png,9_41,1
9_41_rot90,mosaics_from_matrices\9_41_rot90.png,9_41,1
9_42,mosaics_from_matrices\9_42.png,9_42,0
9_42_rot180,mosaics_from_matrices\9_42_rot180.png,9_42,1
9_42_rot270,mosaics_from_matrices\9_42_rot270.png,9_42,1
9_42_rot90,mosaics_from_matrices\9_42_rot90.png,9_42,1
9_43,mosaics_from_matrices\9_43.png,9_43,0
9_43_rot180,mosaics_from_matrices\9_43_rot180.png,9_43,1
9_43_rot270,mosaics_from_matrices\9_43_rot270.png,9_43,1
9_43_rot90,mosaics_from_matrices\9_43_rot90.png,9_43,1
9_44,mosaics_from_matrices\9_44.png,9_44,0
9_44_rot180,mosaics_from_matrices\9_44_rot180.png,9_44,1
9_44_rot270,mosaics_from_matrices\9_44_rot270.png,9_44,1
9_44_rot90,mosaics_from_matrices\9_44_rot90.png,9_44,1
9_45,mosaics_from_matrices\9_45.png,9_45,0
9_45_rot180,mosaics_from_matrices\9_45_rot180.png,9_45,1
9_45_rot270,mosaics_from_matrices\9_45_rot270.png,9_45,1
9_45_rot90,mosaics_from_matrices\9_45_rot90.png,9_45,1
9_46,mosaics_from_matrices\9_46.png,9_46,0
9_46_rot180,mosaics_from_matrices\9_46_rot180.png,9_46,1
9_46_rot270,mosaics_from_matrices\9_46_rot270.png,9_46,1
9_46_rot90,mosaics_from_matrices\9_46_rot90.png,9_46,1
9_47,mosaics_from_matrices\9_47.png,9_47,0
9_47_rot180,mosaics_from_matrices\9_47_rot180.png,9_47,1
9_47_rot270,mosaics_from_matrices\9_47_rot270.png,9_47,1
9_47_rot90,mosaics_from_matrices\9_47_rot90.png,9_47,1
9_48,mosaics_from_matrices\9_48.png,9_48,0
9_48_rot180,mosaics_from_matrices\9_48_rot180.png,9_48,1
9_48_rot270,mosaics_from_matrices\9_48_rot270.png,9_48,1
9_48_rot90,mosaics_from_matrices\9_48_rot90.png,9_48,1
9_49,mosaics_from_matrices\9_49.png,9_49,0
9_49_rot180,mosaics_from_matrices\9_49_rot180.png,9_49,1
9_49_rot270,mosaics_from_matrices\9_49_rot270.png,9_49,1
9_49_rot90,mosaics_from_matrices\9_49_rot90.png,9_49,1
9_4_rot180,mosaics_from_matrices\9_4_rot180.png,9_4,1
9_4_rot270,mosaics_from_matrices\9_4_rot270.png,9_4,1
9_4_rot90,mosaics_from_matrices\9_4_rot90.png,9_4,1
9_5,mosaics_from_matrices\9_5.png,9_5,0
9_5_rot180,mosaics_from_matrices\9_5_rot180.png,9_5,1
9_5_rot270,mosaics_from_matrices\9_5_rot270.png,9_5,1
9_5_rot90,mosaics_from_matrices\9_5_rot90.png,9_5,1
9_6,mosaics_from_matrices\9_6.png,9_6,0
9_6_rot180,mosaics_from_matrices\9_6_rot180.png,9_6,1
9_6_rot270,mosaics_from_matrices\9_6_rot270.png,9_6,1
9_6_rot90,mosaics_from_matrices\9_6_rot90.png,9_6,1
9_7,mosaics_from_matrices\9_7.png,9_7,0
9_7_rot180,mosaics_from_matrices\9_7_rot180.png,9_7,1
9_7_rot270,mosaics_from_matrices\9_7_rot270.png,9_7,1
9_7_rot90,mosaics_from_matrices\9_7_rot90.png,9_7,1
9_8,mosaics_from_matrices\9_8.png,9_8,0
9_8_rot180,mosaics_from_matrices\9_8_rot180.png,9_8,1
9_8_rot270,mosaics_from_matrices\9_8_rot270.png,9_8,1
9_8_rot90,mosaics_from_matrices\9_8_rot90.png,9_8,1
9_9,mosaics_from_matrices\9_9.png,9_9,0
9_9_rot180,mosaics_from_matrices\9_9_rot180.png,9_9,1
9_9_rot270,mosaics_from_matrices\9_9_rot270.png,9_9,1
9_9_rot90,mosaics_from_matrices\9_9_rot90.png,9_9,1
cells_rot180,mosaics_from_matrices\cells_rot180.png,cells,1
cells_rot270,mosaics_from_matrices\cells_rot270.png,cells,1
cells_rot90,mosaics_from_matrices\cells_rot90.png,cells,1
